{
    "openapi": "3.0.0",
    "info": {
        "title": "API de Sistema de Condomínio",
        "description": "Documentação completa da API para gerenciamento de condomínios, incluindo blocos, unidades, vagas de garagem e depósitos.",
        "contact": {
            "name": "Suporte Sistema de Condomínio",
            "email": "admin@condominio.com"
        },
        "license": {
            "name": "MIT",
            "url": "https://opensource.org/licenses/MIT"
        },
        "version": "1.0.0"
    },
    "servers": [
        {
            "url": "http://localhost:8000",
            "description": "Servidor de Desenvolvimento"
        }
    ],
    "paths": {
        "/api/register": {
            "post": {
                "tags": [
                    "Autenticação"
                ],
                "summary": "Registro de Usuário",
                "description": "Registra um novo usuário.",
                "operationId": "82447091133210fc21daa20fe7bee91b",
                "requestBody": {
                    "required": true,
                    "content": {
                        "application/json": {
                            "schema": {
                                "required": [
                                    "name",
                                    "email",
                                    "password"
                                ],
                                "properties": {
                                    "name": {
                                        "type": "string",
                                        "example": "Nome Usuário"
                                    },
                                    "email": {
                                        "type": "string",
                                        "format": "email",
                                        "example": "usuario@email.com"
                                    },
                                    "password": {
                                        "type": "string",
                                        "format": "password",
                                        "example": "senhaSegura123"
                                    },
                                    "access_level": {
                                        "description": "Nível de acesso do usuário",
                                        "type": "string",
                                        "enum": [
                                            "administrador",
                                            "sindico",
                                            "morador",
                                            "funcionario"
                                        ],
                                        "example": "morador"
                                    }
                                },
                                "type": "object"
                            }
                        }
                    }
                },
                "responses": {
                    "200": {
                        "description": "Usuário criado com sucesso",
                        "content": {
                            "application/json": {
                                "schema": {
                                    "properties": {
                                        "status": {
                                            "type": "string",
                                            "example": "success"
                                        },
                                        "message": {
                                            "type": "string",
                                            "example": "Usuário criado com sucesso"
                                        },
                                        "token": {
                                            "type": "string",
                                            "example": "1|V0upjdioPsDPjWdOyNGjJIaCQHJTJH0MQvwK5DdZ13806f99"
                                        },
                                        "data": {
                                            "properties": {
                                                "name": {
                                                    "type": "string",
                                                    "example": "Nome Usuário"
                                                },
                                                "email": {
                                                    "type": "string",
                                                    "example": "usuario@email.com"
                                                },
                                                "access_level": {
                                                    "type": "string",
                                                    "example": "morador"
                                                },
                                                "created_at": {
                                                    "type": "string",
                                                    "example": "2024-10-03T15:51:05.000000Z"
                                                },
                                                "updated_at": {
                                                    "type": "string",
                                                    "example": "2024-10-03T15:51:05.000000Z"
                                                },
                                                "id": {
                                                    "type": "integer",
                                                    "example": 1
                                                }
                                            },
                                            "type": "object"
                                        }
                                    },
                                    "type": "object"
                                }
                            }
                        }
                    },
                    "401": {
                        "description": "Erro de validação",
                        "content": {
                            "application/json": {
                                "schema": {
                                    "properties": {
                                        "status": {
                                            "type": "string",
                                            "example": "error"
                                        },
                                        "message": {
                                            "type": "string",
                                            "example": "Erro de Validação"
                                        },
                                        "erros": {
                                            "properties": {
                                                "email": {
                                                    "type": "array",
                                                    "items": {
                                                        "type": "string",
                                                        "example": "Este email já foi cadastrado"
                                                    }
                                                }
                                            },
                                            "type": "object"
                                        }
                                    },
                                    "type": "object"
                                }
                            }
                        }
                    }
                }
            }
        },
        "/api/redirect-info": {
            "get": {
                "tags": [
                    "Autenticação"
                ],
                "summary": "Obter informações de redirecionamento do usuário atual",
                "description": "Retorna as informações de redirecionamento baseadas no nível de acesso do usuário autenticado.",
                "operationId": "e4d8de4ef8952573b4e82d1d207e552a",
                "responses": {
                    "200": {
                        "description": "Informações de redirecionamento recuperadas com sucesso",
                        "content": {
                            "application/json": {
                                "schema": {
                                    "properties": {
                                        "status": {
                                            "type": "string",
                                            "example": "success"
                                        },
                                        "message": {
                                            "type": "string",
                                            "example": "Informações de redirecionamento"
                                        },
                                        "data": {
                                            "properties": {
                                                "access_level": {
                                                    "type": "string",
                                                    "example": "morador"
                                                },
                                                "redirect_to": {
                                                    "type": "string",
                                                    "example": "/morador/dashboard"
                                                },
                                                "area_name": {
                                                    "type": "string",
                                                    "example": "Área do Morador"
                                                }
                                            },
                                            "type": "object"
                                        }
                                    },
                                    "type": "object"
                                }
                            }
                        }
                    },
                    "401": {
                        "description": "Não autenticado",
                        "content": {
                            "application/json": {
                                "schema": {
                                    "properties": {
                                        "message": {
                                            "type": "string",
                                            "example": "Não autenticado."
                                        }
                                    },
                                    "type": "object"
                                }
                            }
                        }
                    }
                },
                "security": [
                    {
                        "sanctum": []
                    }
                ]
            }
        },
        "/api/login": {
            "post": {
                "tags": [
                    "Autenticação"
                ],
                "summary": "Login de Usuário",
                "description": "Autentica um usuário.",
                "operationId": "f6d04be1de7bb4a85327471c8d3d1e42",
                "requestBody": {
                    "required": true,
                    "content": {
                        "application/json": {
                            "schema": {
                                "required": [
                                    "email",
                                    "password"
                                ],
                                "properties": {
                                    "email": {
                                        "type": "string",
                                        "format": "email",
                                        "example": "usuario@email.com"
                                    },
                                    "password": {
                                        "type": "string",
                                        "format": "password",
                                        "example": "senhaSegura123"
                                    }
                                },
                                "type": "object"
                            }
                        }
                    }
                },
                "responses": {
                    "200": {
                        "description": "Usuário logado com sucesso",
                        "content": {
                            "application/json": {
                                "schema": {
                                    "properties": {
                                        "status": {
                                            "type": "string",
                                            "example": "success"
                                        },
                                        "message": {
                                            "type": "string",
                                            "example": "Usuário logado com sucesso"
                                        },
                                        "token": {
                                            "type": "string",
                                            "example": "2|B6CL7DLBQHLFvpBPv4qHn2swyqeRH6lSAZOHsGEs66100ee8"
                                        },
                                        "data": {
                                            "properties": {
                                                "id": {
                                                    "type": "integer",
                                                    "example": 1
                                                },
                                                "name": {
                                                    "type": "string",
                                                    "example": "Nome Usuário"
                                                },
                                                "email": {
                                                    "type": "string",
                                                    "example": "usuario@email.com"
                                                },
                                                "access_level": {
                                                    "type": "string",
                                                    "example": "morador"
                                                },
                                                "email_verified_at": {
                                                    "type": "string",
                                                    "example": null,
                                                    "nullable": true
                                                },
                                                "created_at": {
                                                    "type": "string",
                                                    "example": "2024-10-03T15:51:05.000000Z"
                                                },
                                                "updated_at": {
                                                    "type": "string",
                                                    "example": "2024-10-03T15:51:05.000000Z"
                                                }
                                            },
                                            "type": "object"
                                        },
                                        "redirect_info": {
                                            "properties": {
                                                "access_level": {
                                                    "type": "string",
                                                    "example": "morador"
                                                },
                                                "redirect_to": {
                                                    "type": "string",
                                                    "example": "/morador/dashboard"
                                                },
                                                "area_name": {
                                                    "type": "string",
                                                    "example": "Área do Morador"
                                                }
                                            },
                                            "type": "object"
                                        }
                                    },
                                    "type": "object"
                                }
                            }
                        }
                    },
                    "401": {
                        "description": "Email ou senha incorretos",
                        "content": {
                            "application/json": {
                                "schema": {
                                    "properties": {
                                        "status": {
                                            "type": "string",
                                            "example": "error"
                                        },
                                        "message": {
                                            "type": "string",
                                            "example": "Email ou senha incorretos"
                                        }
                                    },
                                    "type": "object"
                                }
                            }
                        }
                    }
                }
            }
        },
        "/api/profile": {
            "get": {
                "tags": [
                    "Autenticação"
                ],
                "summary": "Obter perfil do usuário autenticado",
                "description": "Retorna o perfil do usuário autenticado.",
                "operationId": "69ce7486fd4bda371851be0b6459a145",
                "responses": {
                    "200": {
                        "description": "Perfil do usuário recuperado com sucesso",
                        "content": {
                            "application/json": {
                                "schema": {
                                    "properties": {
                                        "status": {
                                            "type": "string",
                                            "example": "success"
                                        },
                                        "message": {
                                            "type": "string",
                                            "example": "User profile"
                                        },
                                        "data": {
                                            "properties": {
                                                "id": {
                                                    "type": "integer",
                                                    "example": 1
                                                },
                                                "name": {
                                                    "type": "string",
                                                    "example": "Nome Usuário"
                                                },
                                                "email": {
                                                    "type": "string",
                                                    "example": "usuario@email.com"
                                                },
                                                "access_level": {
                                                    "type": "string",
                                                    "example": "morador"
                                                },
                                                "email_verified_at": {
                                                    "type": "string",
                                                    "example": null,
                                                    "nullable": true
                                                },
                                                "created_at": {
                                                    "type": "string",
                                                    "example": "2024-10-03T15:51:05.000000Z"
                                                },
                                                "updated_at": {
                                                    "type": "string",
                                                    "example": "2024-10-03T15:51:05.000000Z"
                                                }
                                            },
                                            "type": "object"
                                        },
                                        "id": {
                                            "type": "integer",
                                            "example": 1
                                        }
                                    },
                                    "type": "object"
                                }
                            }
                        }
                    },
                    "401": {
                        "description": "Usuário não autenticado",
                        "content": {
                            "application/json": {
                                "schema": {
                                    "properties": {
                                        "message": {
                                            "type": "string",
                                            "example": "Usuário não autenticado."
                                        }
                                    },
                                    "type": "object"
                                }
                            }
                        }
                    }
                },
                "security": [
                    {
                        "sanctum": []
                    }
                ]
            }
        },
        "/api/forgot-password": {
            "post": {
                "tags": [
                    "Autenticação"
                ],
                "summary": "Solicitar reset de senha",
                "description": "Envia um email com link para redefinição de senha.",
                "operationId": "d8322c2932c0e283c766c4b7a574c733",
                "requestBody": {
                    "required": true,
                    "content": {
                        "application/json": {
                            "schema": {
                                "required": [
                                    "email"
                                ],
                                "properties": {
                                    "email": {
                                        "type": "string",
                                        "format": "email",
                                        "example": "usuario@email.com"
                                    }
                                },
                                "type": "object"
                            }
                        }
                    }
                },
                "responses": {
                    "200": {
                        "description": "Email de reset enviado com sucesso",
                        "content": {
                            "application/json": {
                                "schema": {
                                    "properties": {
                                        "status": {
                                            "type": "string",
                                            "example": "success"
                                        },
                                        "message": {
                                            "type": "string",
                                            "example": "Email de reset de senha enviado com sucesso"
                                        },
                                        "data": {
                                            "properties": {
                                                "email": {
                                                    "type": "string",
                                                    "example": "usuario@email.com"
                                                },
                                                "token": {
                                                    "type": "string",
                                                    "example": "token_para_testes"
                                                },
                                                "reset_url": {
                                                    "type": "string",
                                                    "example": "http://localhost:8000/reset-password?token=token_para_testes"
                                                }
                                            },
                                            "type": "object"
                                        }
                                    },
                                    "type": "object"
                                }
                            }
                        }
                    },
                    "404": {
                        "description": "Email não encontrado",
                        "content": {
                            "application/json": {
                                "schema": {
                                    "properties": {
                                        "status": {
                                            "type": "string",
                                            "example": "error"
                                        },
                                        "message": {
                                            "type": "string",
                                            "example": "Email não encontrado no sistema"
                                        }
                                    },
                                    "type": "object"
                                }
                            }
                        }
                    },
                    "429": {
                        "description": "Muitas tentativas",
                        "content": {
                            "application/json": {
                                "schema": {
                                    "properties": {
                                        "status": {
                                            "type": "string",
                                            "example": "error"
                                        },
                                        "message": {
                                            "type": "string",
                                            "example": "Aguarde antes de solicitar outro reset"
                                        }
                                    },
                                    "type": "object"
                                }
                            }
                        }
                    }
                }
            }
        },
        "/api/reset-password": {
            "post": {
                "tags": [
                    "Autenticação"
                ],
                "summary": "Redefinir senha",
                "description": "Redefine a senha do usuário usando o token de reset.",
                "operationId": "166c8282a9d40bdb74458d8f5a5f8790",
                "requestBody": {
                    "required": true,
                    "content": {
                        "application/json": {
                            "schema": {
                                "required": [
                                    "token",
                                    "email",
                                    "password",
                                    "password_confirmation"
                                ],
                                "properties": {
                                    "token": {
                                        "type": "string",
                                        "example": "token_do_reset"
                                    },
                                    "email": {
                                        "type": "string",
                                        "format": "email",
                                        "example": "usuario@email.com"
                                    },
                                    "password": {
                                        "type": "string",
                                        "format": "password",
                                        "example": "novaSenha123"
                                    },
                                    "password_confirmation": {
                                        "type": "string",
                                        "format": "password",
                                        "example": "novaSenha123"
                                    }
                                },
                                "type": "object"
                            }
                        }
                    }
                },
                "responses": {
                    "200": {
                        "description": "Senha redefinida com sucesso",
                        "content": {
                            "application/json": {
                                "schema": {
                                    "properties": {
                                        "status": {
                                            "type": "string",
                                            "example": "success"
                                        },
                                        "message": {
                                            "type": "string",
                                            "example": "Senha redefinida com sucesso"
                                        }
                                    },
                                    "type": "object"
                                }
                            }
                        }
                    },
                    "400": {
                        "description": "Erro de validação",
                        "content": {
                            "application/json": {
                                "schema": {
                                    "properties": {
                                        "status": {
                                            "type": "string",
                                            "example": "error"
                                        },
                                        "message": {
                                            "type": "string",
                                            "example": "Erro de validação"
                                        },
                                        "erros": {
                                            "type": "object"
                                        }
                                    },
                                    "type": "object"
                                }
                            }
                        }
                    },
                    "404": {
                        "description": "Token inválido ou expirado",
                        "content": {
                            "application/json": {
                                "schema": {
                                    "properties": {
                                        "status": {
                                            "type": "string",
                                            "example": "error"
                                        },
                                        "message": {
                                            "type": "string",
                                            "example": "Token inválido ou expirado"
                                        }
                                    },
                                    "type": "object"
                                }
                            }
                        }
                    }
                }
            }
        },
        "/api/verify-reset-token": {
            "post": {
                "tags": [
                    "Autenticação"
                ],
                "summary": "Verificar token de reset",
                "description": "Verifica se um token de reset de senha é válido e não expirou.",
                "operationId": "6af3521d4ca4a03dfe917f76d1a2f1dc",
                "requestBody": {
                    "required": true,
                    "content": {
                        "application/json": {
                            "schema": {
                                "required": [
                                    "token",
                                    "email"
                                ],
                                "properties": {
                                    "token": {
                                        "type": "string",
                                        "example": "token_do_reset"
                                    },
                                    "email": {
                                        "type": "string",
                                        "format": "email",
                                        "example": "usuario@email.com"
                                    }
                                },
                                "type": "object"
                            }
                        }
                    }
                },
                "responses": {
                    "200": {
                        "description": "Token válido",
                        "content": {
                            "application/json": {
                                "schema": {
                                    "properties": {
                                        "status": {
                                            "type": "string",
                                            "example": "success"
                                        },
                                        "message": {
                                            "type": "string",
                                            "example": "Token válido"
                                        },
                                        "data": {
                                            "properties": {
                                                "email": {
                                                    "type": "string",
                                                    "example": "usuario@email.com"
                                                },
                                                "valid": {
                                                    "type": "boolean",
                                                    "example": true
                                                }
                                            },
                                            "type": "object"
                                        }
                                    },
                                    "type": "object"
                                }
                            }
                        }
                    },
                    "404": {
                        "description": "Token inválido ou expirado",
                        "content": {
                            "application/json": {
                                "schema": {
                                    "properties": {
                                        "status": {
                                            "type": "string",
                                            "example": "error"
                                        },
                                        "message": {
                                            "type": "string",
                                            "example": "Token inválido ou expirado"
                                        }
                                    },
                                    "type": "object"
                                }
                            }
                        }
                    }
                }
            }
        },
        "/api/access-levels": {
            "get": {
                "tags": [
                    "Autenticação"
                ],
                "summary": "Obter níveis de acesso disponíveis",
                "description": "Retorna todos os níveis de acesso disponíveis no sistema.",
                "operationId": "3302e35802133b70951095b26706a242",
                "responses": {
                    "200": {
                        "description": "Níveis de acesso recuperados com sucesso",
                        "content": {
                            "application/json": {
                                "schema": {
                                    "properties": {
                                        "status": {
                                            "type": "string",
                                            "example": "success"
                                        },
                                        "message": {
                                            "type": "string",
                                            "example": "Níveis de acesso disponíveis"
                                        },
                                        "data": {
                                            "type": "array",
                                            "items": {
                                                "properties": {
                                                    "value": {
                                                        "type": "string",
                                                        "example": "administrador"
                                                    },
                                                    "label": {
                                                        "type": "string",
                                                        "example": "Administrador"
                                                    },
                                                    "description": {
                                                        "type": "string",
                                                        "example": "Acesso total ao sistema"
                                                    }
                                                },
                                                "type": "object"
                                            }
                                        }
                                    },
                                    "type": "object"
                                }
                            }
                        }
                    }
                }
            }
        },
        "/api/logout": {
            "post": {
                "tags": [
                    "Autenticação"
                ],
                "summary": "Logout do usuário autenticado",
                "description": "Efetua o logout do usuário autenticado.",
                "operationId": "ff979e4e699115485dc29fb752d8e3a5",
                "responses": {
                    "200": {
                        "description": "Logout realizado com sucesso",
                        "content": {
                            "application/json": {
                                "schema": {
                                    "properties": {
                                        "status": {
                                            "type": "string",
                                            "example": "success"
                                        },
                                        "message": {
                                            "type": "string",
                                            "example": "Logout realizado com sucesso"
                                        }
                                    },
                                    "type": "object"
                                }
                            }
                        }
                    },
                    "401": {
                        "description": "Usuário não autenticado",
                        "content": {
                            "application/json": {
                                "schema": {
                                    "properties": {
                                        "message": {
                                            "type": "string",
                                            "example": "Usuário não autenticado"
                                        }
                                    },
                                    "type": "object"
                                }
                            }
                        }
                    }
                },
                "security": [
                    {
                        "sanctum": []
                    }
                ]
            }
        },
        "/api/condominiums": {
            "get": {
                "tags": [
                    "Condomínios"
                ],
                "summary": "Listar condomínios",
                "description": "Retorna lista de condomínios com paginação",
                "operationId": "1fe16b15e994033de9c50dd0af4c894f",
                "parameters": [
                    {
                        "name": "page",
                        "in": "query",
                        "description": "Número da página",
                        "required": false,
                        "schema": {
                            "type": "integer",
                            "default": 1
                        }
                    },
                    {
                        "name": "per_page",
                        "in": "query",
                        "description": "Itens por página",
                        "required": false,
                        "schema": {
                            "type": "integer",
                            "default": 15
                        }
                    },
                    {
                        "name": "search",
                        "in": "query",
                        "description": "Termo de busca",
                        "required": false,
                        "schema": {
                            "type": "string"
                        }
                    },
                    {
                        "name": "city",
                        "in": "query",
                        "description": "Filtrar por cidade",
                        "required": false,
                        "schema": {
                            "type": "string"
                        }
                    },
                    {
                        "name": "state",
                        "in": "query",
                        "description": "Filtrar por estado",
                        "required": false,
                        "schema": {
                            "type": "string"
                        }
                    }
                ],
                "responses": {
                    "200": {
                        "description": "Lista de condomínios",
                        "content": {
                            "application/json": {
                                "schema": {
                                    "properties": {
                                        "status": {
                                            "type": "string",
                                            "example": "success"
                                        },
                                        "message": {
                                            "type": "string",
                                            "example": "Condomínios listados com sucesso"
                                        },
                                        "data": {
                                            "type": "array",
                                            "items": {
                                                "properties": {
                                                    "id": {
                                                        "type": "integer",
                                                        "example": 1
                                                    },
                                                    "name": {
                                                        "type": "string",
                                                        "example": "Residencial Jardim das Flores"
                                                    },
                                                    "address": {
                                                        "type": "string",
                                                        "example": "Rua das Flores, 123"
                                                    },
                                                    "city": {
                                                        "type": "string",
                                                        "example": "São Paulo"
                                                    },
                                                    "state": {
                                                        "type": "string",
                                                        "example": "SP"
                                                    },
                                                    "zip_code": {
                                                        "type": "string",
                                                        "example": "01234-567"
                                                    },
                                                    "phone": {
                                                        "type": "string",
                                                        "example": "(11) 1234-5678"
                                                    },
                                                    "email": {
                                                        "type": "string",
                                                        "example": "admin@jardimflores.com"
                                                    },
                                                    "description": {
                                                        "type": "string",
                                                        "example": "Condomínio residencial"
                                                    },
                                                    "active": {
                                                        "type": "boolean",
                                                        "example": true
                                                    },
                                                    "created_at": {
                                                        "type": "string",
                                                        "format": "date-time"
                                                    },
                                                    "updated_at": {
                                                        "type": "string",
                                                        "format": "date-time"
                                                    }
                                                },
                                                "type": "object"
                                            }
                                        },
                                        "pagination": {
                                            "properties": {
                                                "current_page": {
                                                    "type": "integer",
                                                    "example": 1
                                                },
                                                "last_page": {
                                                    "type": "integer",
                                                    "example": 5
                                                },
                                                "per_page": {
                                                    "type": "integer",
                                                    "example": 15
                                                },
                                                "total": {
                                                    "type": "integer",
                                                    "example": 75
                                                },
                                                "from": {
                                                    "type": "integer",
                                                    "example": 1
                                                },
                                                "to": {
                                                    "type": "integer",
                                                    "example": 15
                                                }
                                            },
                                            "type": "object"
                                        }
                                    },
                                    "type": "object"
                                }
                            }
                        }
                    }
                },
                "security": [
                    {
                        "sanctum": []
                    }
                ]
            },
            "post": {
                "tags": [
                    "Condomínios"
                ],
                "summary": "Criar condomínio",
                "description": "Cria um novo condomínio",
                "operationId": "7877ec9b3ff5a85e37a9747fde29a94b",
                "requestBody": {
                    "required": true,
                    "content": {
                        "application/json": {
                            "schema": {
                                "required": [
                                    "name",
                                    "address",
                                    "city",
                                    "state",
                                    "zip_code"
                                ],
                                "properties": {
                                    "name": {
                                        "description": "Nome do condomínio",
                                        "type": "string",
                                        "example": "Residencial Jardim das Flores"
                                    },
                                    "address": {
                                        "description": "Endereço completo",
                                        "type": "string",
                                        "example": "Rua das Flores, 123 - Jardim Botânico"
                                    },
                                    "city": {
                                        "description": "Cidade",
                                        "type": "string",
                                        "example": "São Paulo"
                                    },
                                    "state": {
                                        "description": "Estado",
                                        "type": "string",
                                        "example": "SP"
                                    },
                                    "zip_code": {
                                        "description": "CEP",
                                        "type": "string",
                                        "example": "01234-567"
                                    },
                                    "phone": {
                                        "description": "Telefone",
                                        "type": "string",
                                        "example": "(11) 1234-5678"
                                    },
                                    "email": {
                                        "description": "Email",
                                        "type": "string",
                                        "example": "admin@jardimflores.com"
                                    },
                                    "description": {
                                        "description": "Descrição",
                                        "type": "string",
                                        "example": "Condomínio residencial com área de lazer"
                                    }
                                },
                                "type": "object"
                            }
                        }
                    }
                },
                "responses": {
                    "201": {
                        "description": "Condomínio criado com sucesso",
                        "content": {
                            "application/json": {
                                "schema": {
                                    "properties": {
                                        "status": {
                                            "type": "string",
                                            "example": "success"
                                        },
                                        "message": {
                                            "type": "string",
                                            "example": "Condomínio criado com sucesso"
                                        },
                                        "data": {
                                            "properties": {
                                                "id": {
                                                    "type": "integer",
                                                    "example": 1
                                                },
                                                "name": {
                                                    "type": "string",
                                                    "example": "Residencial Jardim das Flores"
                                                },
                                                "address": {
                                                    "type": "string",
                                                    "example": "Rua das Flores, 123"
                                                },
                                                "city": {
                                                    "type": "string",
                                                    "example": "São Paulo"
                                                },
                                                "state": {
                                                    "type": "string",
                                                    "example": "SP"
                                                },
                                                "zip_code": {
                                                    "type": "string",
                                                    "example": "01234-567"
                                                },
                                                "phone": {
                                                    "type": "string",
                                                    "example": "(11) 1234-5678"
                                                },
                                                "email": {
                                                    "type": "string",
                                                    "example": "admin@jardimflores.com"
                                                },
                                                "description": {
                                                    "type": "string",
                                                    "example": "Condomínio residencial"
                                                },
                                                "active": {
                                                    "type": "boolean",
                                                    "example": true
                                                },
                                                "created_at": {
                                                    "type": "string",
                                                    "format": "date-time"
                                                },
                                                "updated_at": {
                                                    "type": "string",
                                                    "format": "date-time"
                                                }
                                            },
                                            "type": "object"
                                        }
                                    },
                                    "type": "object"
                                }
                            }
                        }
                    },
                    "422": {
                        "description": "Erro de validação",
                        "content": {
                            "application/json": {
                                "schema": {
                                    "properties": {
                                        "status": {
                                            "type": "string",
                                            "example": "error"
                                        },
                                        "message": {
                                            "type": "string",
                                            "example": "Erro de validação"
                                        },
                                        "errors": {
                                            "type": "object"
                                        }
                                    },
                                    "type": "object"
                                }
                            }
                        }
                    }
                },
                "security": [
                    {
                        "sanctum": []
                    }
                ]
            }
        },
        "/api/condominiums/{id}": {
            "get": {
                "tags": [
                    "Condomínios"
                ],
                "summary": "Obter condomínio",
                "description": "Retorna detalhes de um condomínio específico",
                "operationId": "f9149dae3ae863a53c4e7809a460ffd8",
                "parameters": [
                    {
                        "name": "id",
                        "in": "path",
                        "description": "ID do condomínio",
                        "required": true,
                        "schema": {
                            "type": "integer"
                        }
                    }
                ],
                "responses": {
                    "200": {
                        "description": "Condomínio encontrado",
                        "content": {
                            "application/json": {
                                "schema": {
                                    "properties": {
                                        "status": {
                                            "type": "string",
                                            "example": "success"
                                        },
                                        "message": {
                                            "type": "string",
                                            "example": "Condomínio encontrado"
                                        },
                                        "data": {
                                            "properties": {
                                                "id": {
                                                    "type": "integer",
                                                    "example": 1
                                                },
                                                "name": {
                                                    "type": "string",
                                                    "example": "Residencial Jardim das Flores"
                                                },
                                                "address": {
                                                    "type": "string",
                                                    "example": "Rua das Flores, 123"
                                                },
                                                "city": {
                                                    "type": "string",
                                                    "example": "São Paulo"
                                                },
                                                "state": {
                                                    "type": "string",
                                                    "example": "SP"
                                                },
                                                "zip_code": {
                                                    "type": "string",
                                                    "example": "01234-567"
                                                },
                                                "phone": {
                                                    "type": "string",
                                                    "example": "(11) 1234-5678"
                                                },
                                                "email": {
                                                    "type": "string",
                                                    "example": "admin@jardimflores.com"
                                                },
                                                "description": {
                                                    "type": "string",
                                                    "example": "Condomínio residencial"
                                                },
                                                "active": {
                                                    "type": "boolean",
                                                    "example": true
                                                },
                                                "created_at": {
                                                    "type": "string",
                                                    "format": "date-time"
                                                },
                                                "updated_at": {
                                                    "type": "string",
                                                    "format": "date-time"
                                                },
                                                "blocks": {
                                                    "type": "array",
                                                    "items": {
                                                        "type": "object"
                                                    }
                                                },
                                                "units": {
                                                    "type": "array",
                                                    "items": {
                                                        "type": "object"
                                                    }
                                                },
                                                "parking_spaces": {
                                                    "type": "array",
                                                    "items": {
                                                        "type": "object"
                                                    }
                                                },
                                                "storage_units": {
                                                    "type": "array",
                                                    "items": {
                                                        "type": "object"
                                                    }
                                                }
                                            },
                                            "type": "object"
                                        }
                                    },
                                    "type": "object"
                                }
                            }
                        }
                    },
                    "404": {
                        "description": "Condomínio não encontrado"
                    }
                },
                "security": [
                    {
                        "sanctum": []
                    }
                ]
            },
            "put": {
                "tags": [
                    "Condomínios"
                ],
                "summary": "Atualizar condomínio",
                "description": "Atualiza um condomínio existente",
                "operationId": "5d5a94bbf8e96451d5f30cb74a705479",
                "parameters": [
                    {
                        "name": "id",
                        "in": "path",
                        "description": "ID do condomínio",
                        "required": true,
                        "schema": {
                            "type": "integer"
                        }
                    }
                ],
                "requestBody": {
                    "required": true,
                    "content": {
                        "application/json": {
                            "schema": {
                                "properties": {
                                    "name": {
                                        "description": "Nome do condomínio",
                                        "type": "string",
                                        "example": "Residencial Jardim das Flores"
                                    },
                                    "address": {
                                        "description": "Endereço completo",
                                        "type": "string",
                                        "example": "Rua das Flores, 123 - Jardim Botânico"
                                    },
                                    "city": {
                                        "description": "Cidade",
                                        "type": "string",
                                        "example": "São Paulo"
                                    },
                                    "state": {
                                        "description": "Estado",
                                        "type": "string",
                                        "example": "SP"
                                    },
                                    "zip_code": {
                                        "description": "CEP",
                                        "type": "string",
                                        "example": "01234-567"
                                    },
                                    "phone": {
                                        "description": "Telefone",
                                        "type": "string",
                                        "example": "(11) 1234-5678"
                                    },
                                    "email": {
                                        "description": "Email",
                                        "type": "string",
                                        "example": "admin@jardimflores.com"
                                    },
                                    "description": {
                                        "description": "Descrição",
                                        "type": "string",
                                        "example": "Condomínio residencial com área de lazer"
                                    },
                                    "active": {
                                        "description": "Status ativo/inativo",
                                        "type": "boolean",
                                        "example": true
                                    }
                                },
                                "type": "object"
                            }
                        }
                    }
                },
                "responses": {
                    "200": {
                        "description": "Condomínio atualizado com sucesso",
                        "content": {
                            "application/json": {
                                "schema": {
                                    "properties": {
                                        "status": {
                                            "type": "string",
                                            "example": "success"
                                        },
                                        "message": {
                                            "type": "string",
                                            "example": "Condomínio atualizado com sucesso"
                                        },
                                        "data": {
                                            "properties": {
                                                "id": {
                                                    "type": "integer",
                                                    "example": 1
                                                },
                                                "name": {
                                                    "type": "string",
                                                    "example": "Residencial Jardim das Flores"
                                                },
                                                "address": {
                                                    "type": "string",
                                                    "example": "Rua das Flores, 123"
                                                },
                                                "city": {
                                                    "type": "string",
                                                    "example": "São Paulo"
                                                },
                                                "state": {
                                                    "type": "string",
                                                    "example": "SP"
                                                },
                                                "zip_code": {
                                                    "type": "string",
                                                    "example": "01234-567"
                                                },
                                                "phone": {
                                                    "type": "string",
                                                    "example": "(11) 1234-5678"
                                                },
                                                "email": {
                                                    "type": "string",
                                                    "example": "admin@jardimflores.com"
                                                },
                                                "description": {
                                                    "type": "string",
                                                    "example": "Condomínio residencial"
                                                },
                                                "active": {
                                                    "type": "boolean",
                                                    "example": true
                                                },
                                                "created_at": {
                                                    "type": "string",
                                                    "format": "date-time"
                                                },
                                                "updated_at": {
                                                    "type": "string",
                                                    "format": "date-time"
                                                }
                                            },
                                            "type": "object"
                                        }
                                    },
                                    "type": "object"
                                }
                            }
                        }
                    },
                    "404": {
                        "description": "Condomínio não encontrado"
                    }
                },
                "security": [
                    {
                        "sanctum": []
                    }
                ]
            },
            "delete": {
                "tags": [
                    "Condomínios"
                ],
                "summary": "Excluir condomínio",
                "description": "Exclui um condomínio (soft delete)",
                "operationId": "82fd61503d9bb0af6190b665441031f6",
                "parameters": [
                    {
                        "name": "id",
                        "in": "path",
                        "description": "ID do condomínio",
                        "required": true,
                        "schema": {
                            "type": "integer"
                        }
                    }
                ],
                "responses": {
                    "200": {
                        "description": "Condomínio excluído com sucesso",
                        "content": {
                            "application/json": {
                                "schema": {
                                    "properties": {
                                        "status": {
                                            "type": "string",
                                            "example": "success"
                                        },
                                        "message": {
                                            "type": "string",
                                            "example": "Condomínio excluído com sucesso"
                                        }
                                    },
                                    "type": "object"
                                }
                            }
                        }
                    },
                    "404": {
                        "description": "Condomínio não encontrado"
                    }
                },
                "security": [
                    {
                        "sanctum": []
                    }
                ]
            }
        }
    },
    "components": {
        "securitySchemes": {
            "sanctum": {
                "type": "apiKey",
                "description": "Insira o token no formato (Bearer \"token\")",
                "name": "Authorization",
                "in": "header"
            }
        }
    },
    "tags": [
        {
            "name": "Condomínios",
            "description": "Endpoints para gerenciamento de condomínios"
        },
        {
            "name": "Autenticação",
            "description": "Endpoints para autenticação e gerenciamento de usuários"
        }
    ],
    "security": [
        {
            "sanctum": []
        }
    ]
}